chain,AA#,AA,Binding
A,7,THR,1
A,8,ARG,1
A,9,VAL,1
A,10,PHE,1
A,11,LYS,1
A,12,LYS,1
A,13,SER,0
A,14,SER,0
A,15,PRO,0
A,16,ASN,0
A,17,GLY,0
A,18,LYS,0
A,19,LEU,0
A,20,THR,0
A,21,VAL,0
A,22,TYR,1
A,23,LEU,0
A,24,GLY,0
A,25,LYS,0
A,26,ARG,1
A,27,ASP,0
A,28,PHE,0
A,29,VAL,0
A,30,ASP,0
A,31,HIS,0
A,32,LEU,0
A,33,ASP,0
A,34,LYS,0
A,35,VAL,0
A,36,ASP,0
A,37,PRO,0
A,38,VAL,0
A,39,ASP,0
A,40,GLY,0
A,41,VAL,0
A,42,VAL,0
A,43,LEU,0
A,44,VAL,0
A,45,ASP,0
A,46,PRO,0
A,47,ASP,0
A,48,TYR,0
A,49,LEU,0
A,50,LYS,0
A,51,ASP,0
A,52,ARG,0
A,53,LYS,0
A,54,VAL,0
A,55,PHE,0
A,56,VAL,0
A,57,THR,0
A,58,LEU,0
A,59,THR,0
A,60,VAL,0
A,61,ALA,0
A,62,PHE,0
A,63,ARG,0
A,64,TYR,0
A,65,GLY,0
A,66,ARG,0
A,67,GLU,0
A,68,ASP,0
A,69,CYS,0
A,70,ASP,0
A,71,VAL,0
A,72,LEU,0
A,73,GLY,0
A,74,LEU,0
A,75,SER,0
A,76,PHE,0
A,77,ARG,0
A,78,LYS,0
A,79,ASP,0
A,80,LEU,0
A,81,PHE,0
A,82,ILE,0
A,83,ALA,0
A,84,ASN,0
A,85,TYR,0
A,86,GLN,0
A,87,ALA,0
A,88,PHE,0
A,89,PRO,0
A,90,PRO,0
A,91,THR,0
A,92,PRO,0
A,93,ASN,0
A,94,PRO,0
A,95,PRO,0
A,96,ARG,0
A,97,PRO,0
A,98,PRO,0
A,99,THR,0
A,100,ARG,1
A,101,LEU,0
A,102,GLN,0
A,103,GLU,0
A,104,ARG,1
A,105,LEU,0
A,106,LEU,0
A,107,ARG,0
A,108,LYS,1
A,109,LEU,0
A,110,GLY,0
A,111,GLN,0
A,112,HIS,0
A,113,ALA,0
A,114,HIS,0
A,115,PRO,0
A,116,PHE,0
A,117,PHE,0
A,118,PHE,0
A,119,THR,0
A,120,ILE,0
A,121,PRO,0
A,122,GLN,0
A,123,ASN,0
A,124,LEU,0
A,125,PRO,0
A,126,SER,0
A,127,SER,0
A,128,VAL,0
A,129,THR,0
A,130,LEU,0
A,131,GLN,0
A,132,PRO,0
A,133,GLY,0
A,134,PRO,0
A,135,GLU,0
A,136,ASP,0
A,137,THR,0
A,138,GLY,0
A,139,LYS,0
A,140,ALA,0
A,141,LEU,0
A,142,GLY,0
A,143,VAL,0
A,144,ASP,0
A,145,PHE,0
A,146,GLU,0
A,147,ILE,0
A,148,ARG,0
A,149,ALA,0
A,150,PHE,0
A,151,VAL,0
A,152,ALA,0
A,153,LYS,0
A,154,SER,0
A,155,LEU,0
A,156,GLU,0
A,157,GLU,0
A,158,LYS,0
A,159,SER,0
A,160,HIS,0
A,161,LYS,0
A,162,ARG,0
A,163,ASN,0
A,164,SER,0
A,165,VAL,0
A,166,ARG,0
A,167,LEU,1
A,168,VAL,0
A,169,ILE,0
A,170,ARG,0
A,171,LYS,0
A,172,VAL,0
A,173,GLN,0
A,174,PHE,0
A,175,ALA,0
A,176,PRO,0
A,177,GLU,0
A,178,LYS,0
A,179,PRO,0
A,180,GLY,0
A,181,PRO,0
A,182,GLN,0
A,183,PRO,0
A,184,SER,0
A,185,ALA,0
A,186,GLU,0
A,187,THR,0
A,188,THR,0
A,189,ARG,0
A,190,HIS,0
A,191,PHE,0
A,192,LEU,0
A,193,MET,0
A,194,SER,0
A,195,ASP,0
A,196,ARG,0
A,197,SER,0
A,198,LEU,0
A,199,HIS,0
A,200,LEU,0
A,201,GLU,0
A,202,ALA,0
A,203,SER,0
A,204,LEU,0
A,205,ASP,0
A,206,LYS,0
A,207,GLU,0
A,208,LEU,0
A,209,TYR,0
A,210,TYR,0
A,211,HIS,1
A,212,GLY,1
A,213,GLU,1
A,214,PRO,1
A,215,LEU,0
A,216,ASN,0
A,217,VAL,0
A,218,ASN,0
A,219,VAL,0
A,220,HIS,0
A,221,VAL,0
A,222,THR,0
A,223,ASN,0
A,224,ASN,0
A,225,SER,0
A,226,THR,0
A,227,LYS,0
A,228,THR,0
A,229,VAL,0
A,230,LYS,0
A,231,LYS,0
A,232,ILE,0
A,233,LYS,0
A,234,VAL,0
A,235,SER,0
A,236,VAL,0
A,237,ARG,0
A,238,GLN,0
A,239,TYR,0
A,240,ALA,0
A,241,ASP,0
A,242,ILE,0
A,243,VAL,0
A,244,LEU,0
A,245,PHE,0
A,246,SER,0
A,247,THR,0
A,248,ALA,0
A,249,GLN,0
A,250,TYR,0
A,251,LYS,0
A,252,VAL,0
A,253,PRO,0
A,254,VAL,0
A,255,ALA,0
A,256,GLN,0
A,257,VAL,0
A,258,GLU,0
A,259,GLN,0
A,260,ASP,0
A,261,ASP,0
A,262,GLN,0
A,263,VAL,0
A,264,SER,0
A,265,PRO,0
A,266,SER,0
A,267,SER,0
A,268,THR,0
A,269,PHE,0
A,270,SER,0
A,271,LYS,0
A,272,VAL,0
A,273,TYR,0
A,274,THR,0
A,275,ILE,0
A,276,THR,1
A,277,PRO,1
A,278,PHE,1
A,279,LEU,0
A,280,ALA,1
A,281,ASN,0
A,282,ASN,0
A,283,ARG,1
A,284,GLU,0
A,285,LYS,0
A,286,ARG,0
A,287,GLY,0
A,288,LEU,0
A,289,ALA,0
A,290,LEU,0
A,291,ASP,0
A,292,GLY,0
A,293,LYS,0
A,294,LEU,0
A,295,LYS,1
A,296,HIS,0
A,297,GLU,0
A,298,ASP,1
A,299,THR,1
A,300,ASN,1
A,301,LEU,1
A,302,ALA,0
A,303,SER,0
A,304,SER,0
A,305,THR,0
A,306,ILE,0
A,307,VAL,0
A,308,LYS,0
A,309,GLU,0
A,310,GLY,0
A,311,ALA,0
A,312,ASN,0
A,313,LYS,0
A,314,GLU,0
A,315,VAL,0
A,316,LEU,0
A,317,GLY,0
A,318,ILE,0
A,319,LEU,0
A,320,VAL,0
A,321,SER,0
A,322,TYR,0
A,323,ARG,0
A,324,VAL,0
A,325,LYS,0
A,326,VAL,0
A,327,LYS,0
A,328,LEU,0
A,329,VAL,0
A,330,VAL,0
A,331,SER,0
A,332,ARG,0
A,333,GLY,0
A,334,GLY,0
A,335,ASP,0
A,336,VAL,0
A,337,SER,0
A,338,VAL,0
A,339,GLU,0
A,340,LEU,0
A,341,PRO,0
A,342,PHE,0
A,343,VAL,0
A,344,LEU,0
A,345,MET,0
A,346,HIS,0
A,347,PRO,0
A,348,LYS,0
A,349,PRO,0
A,350,HIS,0
B,7,THR,1
B,8,ARG,1
B,9,VAL,1
B,10,PHE,1
B,11,LYS,1
B,12,LYS,1
B,13,SER,0
B,14,SER,0
B,15,PRO,0
B,16,ASN,0
B,17,GLY,0
B,18,LYS,0
B,19,LEU,0
B,20,THR,0
B,21,VAL,0
B,22,TYR,1
B,23,LEU,0
B,24,GLY,0
B,25,LYS,0
B,26,ARG,1
B,27,ASP,0
B,28,PHE,0
B,29,VAL,0
B,30,ASP,0
B,31,HIS,0
B,32,LEU,0
B,33,ASP,0
B,34,LYS,0
B,35,VAL,0
B,36,ASP,0
B,37,PRO,0
B,38,VAL,0
B,39,ASP,0
B,40,GLY,0
B,41,VAL,0
B,42,VAL,0
B,43,LEU,0
B,44,VAL,0
B,45,ASP,0
B,46,PRO,0
B,47,ASP,0
B,48,TYR,0
B,49,LEU,0
B,50,LYS,0
B,51,ASP,0
B,52,ARG,0
B,53,LYS,0
B,54,VAL,0
B,55,PHE,0
B,56,VAL,0
B,57,THR,0
B,58,LEU,0
B,59,THR,0
B,60,VAL,0
B,61,ALA,0
B,62,PHE,0
B,63,ARG,0
B,64,TYR,0
B,65,GLY,0
B,66,ARG,0
B,67,GLU,0
B,68,ASP,0
B,69,CYS,0
B,70,ASP,0
B,71,VAL,0
B,72,LEU,0
B,73,GLY,0
B,74,LEU,0
B,75,SER,0
B,76,PHE,0
B,77,ARG,0
B,78,LYS,0
B,79,ASP,0
B,80,LEU,0
B,81,PHE,0
B,82,ILE,0
B,83,ALA,0
B,84,ASN,0
B,85,TYR,0
B,86,GLN,0
B,87,ALA,0
B,88,PHE,0
B,89,PRO,0
B,90,PRO,0
B,91,THR,0
B,92,PRO,0
B,93,ASN,0
B,94,PRO,0
B,95,PRO,0
B,96,ARG,0
B,97,PRO,0
B,98,PRO,0
B,99,THR,0
B,100,ARG,1
B,101,LEU,0
B,102,GLN,0
B,103,GLU,0
B,104,ARG,1
B,105,LEU,0
B,106,LEU,0
B,107,ARG,0
B,108,LYS,1
B,109,LEU,0
B,110,GLY,0
B,111,GLN,0
B,112,HIS,0
B,113,ALA,0
B,114,HIS,0
B,115,PRO,0
B,116,PHE,0
B,117,PHE,0
B,118,PHE,0
B,119,THR,0
B,120,ILE,0
B,121,PRO,0
B,122,GLN,0
B,123,ASN,0
B,124,LEU,0
B,125,PRO,0
B,126,SER,0
B,127,SER,0
B,128,VAL,0
B,129,THR,0
B,130,LEU,0
B,131,GLN,0
B,132,PRO,0
B,133,GLY,0
B,134,PRO,0
B,135,GLU,0
B,136,ASP,0
B,137,THR,0
B,138,GLY,0
B,139,LYS,0
B,140,ALA,0
B,141,LEU,0
B,142,GLY,0
B,143,VAL,0
B,144,ASP,0
B,145,PHE,0
B,146,GLU,0
B,147,ILE,0
B,148,ARG,0
B,149,ALA,0
B,150,PHE,0
B,151,VAL,0
B,152,ALA,0
B,153,LYS,0
B,154,SER,0
B,155,LEU,0
B,156,GLU,0
B,157,GLU,0
B,158,LYS,0
B,159,SER,0
B,160,HIS,0
B,161,LYS,0
B,162,ARG,0
B,163,ASN,0
B,164,SER,0
B,165,VAL,0
B,166,ARG,0
B,167,LEU,1
B,168,VAL,0
B,169,ILE,0
B,170,ARG,0
B,171,LYS,0
B,172,VAL,0
B,173,GLN,0
B,174,PHE,0
B,175,ALA,0
B,176,PRO,0
B,177,GLU,0
B,178,LYS,0
B,179,PRO,0
B,180,GLY,0
B,181,PRO,0
B,182,GLN,0
B,183,PRO,0
B,184,SER,0
B,185,ALA,0
B,186,GLU,0
B,187,THR,0
B,188,THR,0
B,189,ARG,0
B,190,HIS,0
B,191,PHE,0
B,192,LEU,0
B,193,MET,0
B,194,SER,0
B,195,ASP,0
B,196,ARG,0
B,197,SER,0
B,198,LEU,0
B,199,HIS,0
B,200,LEU,0
B,201,GLU,0
B,202,ALA,0
B,203,SER,0
B,204,LEU,0
B,205,ASP,0
B,206,LYS,0
B,207,GLU,0
B,208,LEU,0
B,209,TYR,0
B,210,TYR,0
B,211,HIS,1
B,212,GLY,1
B,213,GLU,1
B,214,PRO,1
B,215,LEU,0
B,216,ASN,0
B,217,VAL,0
B,218,ASN,0
B,219,VAL,0
B,220,HIS,0
B,221,VAL,0
B,222,THR,0
B,223,ASN,0
B,224,ASN,0
B,225,SER,0
B,226,THR,0
B,227,LYS,0
B,228,THR,0
B,229,VAL,0
B,230,LYS,0
B,231,LYS,0
B,232,ILE,0
B,233,LYS,0
B,234,VAL,0
B,235,SER,0
B,236,VAL,0
B,237,ARG,0
B,238,GLN,0
B,239,TYR,0
B,240,ALA,0
B,241,ASP,0
B,242,ILE,0
B,243,VAL,0
B,244,LEU,0
B,245,PHE,0
B,246,SER,0
B,247,THR,0
B,248,ALA,0
B,249,GLN,0
B,250,TYR,0
B,251,LYS,0
B,252,VAL,0
B,253,PRO,0
B,254,VAL,0
B,255,ALA,0
B,256,GLN,0
B,257,VAL,0
B,258,GLU,0
B,259,GLN,0
B,260,ASP,0
B,261,ASP,0
B,262,GLN,0
B,263,VAL,0
B,264,SER,0
B,265,PRO,0
B,266,SER,0
B,267,SER,0
B,268,THR,0
B,269,PHE,0
B,270,SER,0
B,271,LYS,0
B,272,VAL,0
B,273,TYR,0
B,274,THR,0
B,275,ILE,0
B,276,THR,1
B,277,PRO,1
B,278,PHE,1
B,279,LEU,0
B,280,ALA,1
B,281,ASN,0
B,282,ASN,0
B,283,ARG,1
B,284,GLU,0
B,285,LYS,0
B,286,ARG,0
B,287,GLY,0
B,288,LEU,0
B,289,ALA,0
B,290,LEU,0
B,291,ASP,0
B,292,GLY,0
B,293,LYS,0
B,294,LEU,0
B,295,LYS,1
B,296,HIS,0
B,297,GLU,0
B,298,ASP,1
B,299,THR,1
B,300,ASN,1
B,301,LEU,1
B,302,ALA,0
B,303,SER,0
B,304,SER,0
B,305,THR,0
B,306,ILE,0
B,307,VAL,0
B,308,LYS,0
B,309,GLU,0
B,310,GLY,0
B,311,ALA,0
B,312,ASN,0
B,313,LYS,0
B,314,GLU,0
B,315,VAL,0
B,316,LEU,0
B,317,GLY,0
B,318,ILE,0
B,319,LEU,0
B,320,VAL,0
B,321,SER,0
B,322,TYR,0
B,323,ARG,0
B,324,VAL,0
B,325,LYS,0
B,326,VAL,0
B,327,LYS,0
B,328,LEU,0
B,329,VAL,0
B,330,VAL,0
B,331,SER,0
B,332,ARG,0
B,333,GLY,0
B,334,GLY,0
B,335,ASP,0
B,336,VAL,0
B,337,SER,0
B,338,VAL,0
B,339,GLU,0
B,340,LEU,0
B,341,PRO,0
B,342,PHE,0
B,343,VAL,0
B,344,LEU,0
B,345,MET,0
B,346,HIS,1
B,347,PRO,0
B,348,LYS,0
B,349,PRO,0
B,350,HIS,0
C,7,THR,1
C,8,ARG,1
C,9,VAL,1
C,10,PHE,1
C,11,LYS,1
C,12,LYS,1
C,13,SER,0
C,14,SER,0
C,15,PRO,0
C,16,ASN,0
C,17,GLY,0
C,18,LYS,0
C,19,LEU,0
C,20,THR,0
C,21,VAL,0
C,22,TYR,1
C,23,LEU,0
C,24,GLY,0
C,25,LYS,0
C,26,ARG,1
C,27,ASP,0
C,28,PHE,0
C,29,VAL,0
C,30,ASP,0
C,31,HIS,0
C,32,LEU,0
C,33,ASP,0
C,34,LYS,0
C,35,VAL,0
C,36,ASP,0
C,37,PRO,0
C,38,VAL,0
C,39,ASP,0
C,40,GLY,0
C,41,VAL,0
C,42,VAL,0
C,43,LEU,0
C,44,VAL,0
C,45,ASP,0
C,46,PRO,0
C,47,ASP,0
C,48,TYR,0
C,49,LEU,0
C,50,LYS,0
C,51,ASP,0
C,52,ARG,0
C,53,LYS,0
C,54,VAL,0
C,55,PHE,0
C,56,VAL,0
C,57,THR,0
C,58,LEU,0
C,59,THR,0
C,60,VAL,0
C,61,ALA,0
C,62,PHE,0
C,63,ARG,0
C,64,TYR,0
C,65,GLY,0
C,66,ARG,0
C,67,GLU,0
C,68,ASP,0
C,69,CYS,0
C,70,ASP,0
C,71,VAL,0
C,72,LEU,0
C,73,GLY,0
C,74,LEU,0
C,75,SER,0
C,76,PHE,0
C,77,ARG,0
C,78,LYS,0
C,79,ASP,0
C,80,LEU,0
C,81,PHE,0
C,82,ILE,0
C,83,ALA,0
C,84,ASN,0
C,85,TYR,0
C,86,GLN,0
C,87,ALA,0
C,88,PHE,0
C,89,PRO,0
C,90,PRO,0
C,91,THR,0
C,92,PRO,0
C,93,ASN,0
C,94,PRO,0
C,95,PRO,0
C,96,ARG,0
C,97,PRO,0
C,98,PRO,0
C,99,THR,0
C,100,ARG,1
C,101,LEU,0
C,102,GLN,0
C,103,GLU,0
C,104,ARG,1
C,105,LEU,0
C,106,LEU,0
C,107,ARG,0
C,108,LYS,1
C,109,LEU,0
C,110,GLY,0
C,111,GLN,0
C,112,HIS,0
C,113,ALA,0
C,114,HIS,0
C,115,PRO,0
C,116,PHE,0
C,117,PHE,0
C,118,PHE,0
C,119,THR,0
C,120,ILE,0
C,121,PRO,0
C,122,GLN,0
C,123,ASN,0
C,124,LEU,0
C,125,PRO,0
C,126,SER,0
C,127,SER,0
C,128,VAL,0
C,129,THR,0
C,130,LEU,0
C,131,GLN,0
C,132,PRO,0
C,133,GLY,0
C,134,PRO,0
C,135,GLU,0
C,136,ASP,0
C,137,THR,0
C,138,GLY,0
C,139,LYS,0
C,140,ALA,0
C,141,LEU,0
C,142,GLY,0
C,143,VAL,0
C,144,ASP,0
C,145,PHE,0
C,146,GLU,0
C,147,ILE,0
C,148,ARG,0
C,149,ALA,0
C,150,PHE,0
C,151,VAL,0
C,152,ALA,0
C,153,LYS,0
C,154,SER,0
C,155,LEU,0
C,156,GLU,0
C,157,GLU,0
C,158,LYS,0
C,159,SER,0
C,160,HIS,0
C,161,LYS,0
C,162,ARG,0
C,163,ASN,0
C,164,SER,0
C,165,VAL,0
C,166,ARG,0
C,167,LEU,1
C,168,VAL,0
C,169,ILE,0
C,170,ARG,0
C,171,LYS,0
C,172,VAL,0
C,173,GLN,0
C,174,PHE,0
C,175,ALA,0
C,176,PRO,0
C,177,GLU,0
C,178,LYS,0
C,179,PRO,0
C,180,GLY,0
C,181,PRO,0
C,182,GLN,0
C,183,PRO,0
C,184,SER,0
C,185,ALA,0
C,186,GLU,0
C,187,THR,0
C,188,THR,0
C,189,ARG,0
C,190,HIS,0
C,191,PHE,0
C,192,LEU,0
C,193,MET,0
C,194,SER,0
C,195,ASP,0
C,196,ARG,0
C,197,SER,0
C,198,LEU,0
C,199,HIS,0
C,200,LEU,0
C,201,GLU,0
C,202,ALA,0
C,203,SER,0
C,204,LEU,0
C,205,ASP,0
C,206,LYS,0
C,207,GLU,0
C,208,LEU,0
C,209,TYR,0
C,210,TYR,0
C,211,HIS,1
C,212,GLY,1
C,213,GLU,1
C,214,PRO,1
C,215,LEU,0
C,216,ASN,0
C,217,VAL,0
C,218,ASN,0
C,219,VAL,0
C,220,HIS,0
C,221,VAL,0
C,222,THR,0
C,223,ASN,0
C,224,ASN,0
C,225,SER,0
C,226,THR,0
C,227,LYS,0
C,228,THR,0
C,229,VAL,0
C,230,LYS,0
C,231,LYS,0
C,232,ILE,0
C,233,LYS,0
C,234,VAL,0
C,235,SER,0
C,236,VAL,0
C,237,ARG,0
C,238,GLN,0
C,239,TYR,0
C,240,ALA,0
C,241,ASP,0
C,242,ILE,0
C,243,VAL,0
C,244,LEU,0
C,245,PHE,0
C,246,SER,0
C,247,THR,0
C,248,ALA,0
C,249,GLN,0
C,250,TYR,0
C,251,LYS,0
C,252,VAL,0
C,253,PRO,0
C,254,VAL,0
C,255,ALA,0
C,256,GLN,0
C,257,VAL,0
C,258,GLU,0
C,259,GLN,0
C,260,ASP,0
C,261,ASP,0
C,262,GLN,0
C,263,VAL,0
C,264,SER,0
C,265,PRO,0
C,266,SER,0
C,267,SER,0
C,268,THR,0
C,269,PHE,0
C,270,SER,0
C,271,LYS,0
C,272,VAL,0
C,273,TYR,0
C,274,THR,0
C,275,ILE,0
C,276,THR,1
C,277,PRO,1
C,278,PHE,1
C,279,LEU,0
C,280,ALA,1
C,281,ASN,0
C,282,ASN,0
C,283,ARG,1
C,284,GLU,0
C,285,LYS,0
C,286,ARG,0
C,287,GLY,0
C,288,LEU,0
C,289,ALA,0
C,290,LEU,0
C,291,ASP,0
C,292,GLY,0
C,293,LYS,0
C,294,LEU,0
C,295,LYS,1
C,296,HIS,0
C,297,GLU,0
C,298,ASP,1
C,299,THR,1
C,300,ASN,1
C,301,LEU,1
C,302,ALA,0
C,303,SER,0
C,304,SER,0
C,305,THR,0
C,306,ILE,0
C,307,VAL,0
C,308,LYS,0
C,309,GLU,0
C,310,GLY,0
C,311,ALA,0
C,312,ASN,0
C,313,LYS,0
C,314,GLU,0
C,315,VAL,0
C,316,LEU,0
C,317,GLY,0
C,318,ILE,0
C,319,LEU,0
C,320,VAL,0
C,321,SER,0
C,322,TYR,0
C,323,ARG,0
C,324,VAL,0
C,325,LYS,0
C,326,VAL,0
C,327,LYS,0
C,328,LEU,0
C,329,VAL,0
C,330,VAL,0
C,331,SER,0
C,332,ARG,0
C,333,GLY,0
C,334,GLY,0
C,335,ASP,0
C,336,VAL,0
C,337,SER,0
C,338,VAL,0
C,339,GLU,0
C,340,LEU,0
C,341,PRO,0
C,342,PHE,0
C,343,VAL,0
C,344,LEU,0
C,345,MET,0
C,346,HIS,0
C,347,PRO,0
C,348,LYS,0
C,349,PRO,0
C,350,HIS,0
D,5,VAL,0
D,6,GLN,0
D,7,LEU,0
D,8,VAL,0
D,9,GLU,0
D,10,SER,0
D,11,GLY,0
D,12,GLY,0
D,13,GLY,0
D,14,LEU,0
D,15,VAL,0
D,16,GLN,0
D,17,PRO,0
D,18,GLY,0
D,19,GLY,0
D,20,SER,0
D,21,LEU,0
D,22,ARG,0
D,23,LEU,0
D,24,SER,0
D,25,CYS,0
D,26,ALA,0
D,27,ALA,0
D,28,SER,0
D,29,GLY,0
D,30,PHE,0
D,31,ASN,1
D,32,VAL,0
D,33,TYR,1
D,34,SER,1
D,35,SER,0
D,36,SER,0
D,37,ILE,0
D,38,HIS,0
D,39,TRP,0
D,40,VAL,0
D,41,ARG,0
D,42,GLN,1
D,43,ALA,0
D,44,PRO,0
D,45,GLY,0
D,46,LYS,0
D,47,GLY,1
D,48,LEU,1
D,49,GLU,0
D,50,TRP,1
D,51,VAL,0
D,52,ALA,0
D,53,SER,0
D,54,ILE,0
D,55,SER,0
D,56,SER,1
D,57,TYR,1
D,58,TYR,1
D,59,GLY,1
D,60,TYR,1
D,61,THR,0
D,62,TYR,0
D,63,TYR,0
D,64,ALA,0
D,65,ASP,1
D,66,SER,0
D,67,VAL,0
D,68,LYS,0
D,69,GLY,0
D,70,ARG,0
D,71,PHE,0
D,72,THR,0
D,73,ILE,0
D,74,SER,0
D,75,ALA,0
D,76,ASP,0
D,77,THR,0
D,78,SER,0
D,79,LYS,0
D,80,ASN,0
D,81,THR,0
D,82,ALA,0
D,83,TYR,0
D,84,LEU,0
D,85,GLN,0
D,86,MET,0
D,87,ASN,0
D,88,SER,0
D,89,LEU,0
D,90,ARG,0
D,91,ALA,0
D,92,GLU,0
D,93,ASP,0
D,94,THR,0
D,95,ALA,0
D,96,VAL,0
D,97,TYR,0
D,98,TYR,1
D,99,CYS,0
D,100,ALA,0
D,101,ARG,0
D,102,SER,0
D,103,ARG,0
D,104,GLN,0
D,105,PHE,1
D,106,TRP,0
D,107,TYR,1
D,108,SER,1
D,109,GLY,1
D,110,LEU,1
D,111,ASP,1
D,112,TYR,0
D,113,TRP,1
D,114,GLY,1
D,115,GLN,0
D,116,GLY,0
D,117,THR,0
D,118,LEU,0
D,119,VAL,0
D,120,THR,0
D,121,VAL,0
D,122,SER,0
D,123,SER,0
D,124,ALA,0
D,125,SER,0
D,126,THR,0
D,127,LYS,0
D,128,GLY,0
D,129,PRO,0
D,130,SER,0
D,131,VAL,0
D,132,PHE,1
D,133,PRO,1
D,134,LEU,1
D,135,ALA,1
D,136,PRO,0
D,146,ALA,1
D,147,ALA,1
D,148,LEU,1
D,149,GLY,0
D,150,CYS,0
D,151,LEU,0
D,152,VAL,0
D,153,LYS,0
D,154,ASP,0
D,155,TYR,0
D,156,PHE,0
D,157,PRO,0
D,158,GLU,0
D,159,PRO,0
D,160,VAL,0
D,161,THR,0
D,162,VAL,0
D,163,SER,0
D,164,TRP,0
D,165,ASN,0
D,166,SER,0
D,167,GLY,0
D,168,ALA,0
D,169,LEU,0
D,170,THR,0
D,171,SER,0
D,172,GLY,0
D,173,VAL,0
D,174,HIS,1
D,175,THR,0
D,176,PHE,1
D,177,PRO,1
D,178,ALA,0
D,179,VAL,0
D,180,LEU,0
D,181,GLN,0
D,182,SER,0
D,183,SER,0
D,184,GLY,0
D,185,LEU,0
D,186,TYR,0
D,187,SER,0
D,188,LEU,0
D,189,SER,1
D,190,SER,0
D,191,VAL,1
D,192,VAL,0
D,193,THR,0
D,194,VAL,0
D,195,PRO,0
D,196,SER,0
D,197,SER,0
D,206,CYS,0
D,207,ASN,0
D,208,VAL,0
D,209,ASN,0
D,210,HIS,0
D,211,LYS,0
D,212,PRO,0
D,213,SER,0
D,214,ASN,0
D,215,THR,0
D,216,LYS,0
D,217,VAL,0
D,218,ASP,0
D,219,LYS,0
D,220,LYS,0
D,221,VAL,0
D,222,GLU,0
D,223,PRO,0
E,1,SER,0
E,2,ASP,1
E,3,ILE,0
E,4,GLN,0
E,5,MET,0
E,6,THR,0
E,7,GLN,0
E,8,SER,0
E,9,PRO,0
E,10,SER,0
E,11,SER,0
E,12,LEU,0
E,13,SER,0
E,14,ALA,0
E,15,SER,0
E,16,VAL,0
E,17,GLY,0
E,18,ASP,0
E,19,ARG,0
E,20,VAL,0
E,21,THR,0
E,22,ILE,0
E,23,THR,0
E,24,CYS,0
E,25,ARG,0
E,26,ALA,0
E,27,SER,0
E,28,GLN,0
E,29,SER,0
E,30,VAL,0
E,31,SER,1
E,32,SER,0
E,33,ALA,0
E,34,VAL,0
E,35,ALA,0
E,36,TRP,0
E,37,TYR,1
E,38,GLN,0
E,39,GLN,1
E,40,LYS,0
E,41,PRO,0
E,42,GLY,0
E,43,LYS,1
E,44,ALA,1
E,45,PRO,1
E,46,LYS,0
E,47,LEU,1
E,48,LEU,0
E,49,ILE,0
E,50,TYR,1
E,51,SER,0
E,52,ALA,0
E,53,SER,0
E,54,SER,0
E,55,LEU,0
E,56,TYR,1
E,57,SER,0
E,58,GLY,0
E,59,VAL,0
E,60,PRO,0
E,61,SER,0
E,62,ARG,0
E,63,PHE,0
E,64,SER,0
E,65,GLY,0
E,66,SER,0
E,67,ARG,1
E,68,SER,0
E,69,GLY,0
E,70,THR,0
E,71,ASP,0
E,72,PHE,0
E,73,THR,0
E,74,LEU,0
E,75,THR,0
E,76,ILE,0
E,77,SER,0
E,78,SER,0
E,79,LEU,0
E,80,GLN,0
E,81,PRO,0
E,82,GLU,0
E,83,ASP,0
E,84,PHE,0
E,85,ALA,0
E,86,THR,0
E,87,TYR,0
E,88,TYR,1
E,89,CYS,0
E,90,GLN,1
E,91,GLN,0
E,92,TYR,1
E,93,LYS,0
E,94,TYR,0
E,95,VAL,0
E,96,PRO,1
E,97,VAL,1
E,98,THR,0
E,99,PHE,1
E,100,GLY,1
E,101,GLN,0
E,102,GLY,0
E,103,THR,0
E,104,LYS,0
E,105,VAL,0
E,106,GLU,0
E,107,ILE,0
E,108,LYS,0
E,109,ARG,0
E,110,THR,0
E,111,VAL,0
E,112,ALA,0
E,113,ALA,0
E,114,PRO,0
E,115,SER,0
E,116,VAL,0
E,117,PHE,1
E,118,ILE,0
E,119,PHE,1
E,120,PRO,0
E,121,PRO,0
E,122,SER,1
E,123,ASP,0
E,124,SER,0
E,125,GLN,1
E,126,LEU,0
E,127,LYS,0
E,128,SER,1
E,129,GLY,0
E,130,THR,0
E,131,ALA,0
E,132,SER,0
E,133,VAL,0
E,134,VAL,0
E,135,CYS,0
E,136,LEU,1
E,137,LEU,0
E,138,ASN,0
E,139,ASN,0
E,140,PHE,0
E,141,TYR,0
E,142,PRO,0
E,143,ARG,0
E,144,GLU,0
E,145,ALA,0
E,146,LYS,0
E,147,VAL,0
E,148,GLN,0
E,149,TRP,0
E,150,LYS,0
E,151,VAL,0
E,157,SER,0
E,158,GLY,0
E,159,ASN,0
E,160,SER,0
E,161,GLN,0
E,162,GLU,0
E,163,SER,1
E,164,VAL,1
E,165,THR,0
E,166,GLU,0
E,167,GLN,0
E,168,ASP,0
E,169,SER,0
E,170,LYS,0
E,171,ASP,0
E,172,SER,0
E,173,THR,0
E,174,TYR,0
E,175,SER,1
E,176,LEU,1
E,177,SER,1
E,178,SER,0
E,179,THR,0
E,180,LEU,0
E,181,THR,0
E,182,LEU,0
E,183,SER,0
E,184,LYS,0
E,185,ALA,0
E,186,ASP,0
E,187,TYR,0
E,188,GLU,0
E,189,LYS,0
E,190,HIS,0
G,359,TPO,1
G,360,TPO,1
G,361,ALA,1
G,362,SEP,1
G,363,SEP,1
G,364,SEP,1
G,365,LEU,1
G,366,ALA,1
G,367,LYS,0
G,368,ASP,1
H,5,VAL,0
H,6,GLN,0
H,7,LEU,0
H,8,VAL,0
H,9,GLU,0
H,10,SER,0
H,11,GLY,0
H,12,GLY,0
H,13,GLY,0
H,14,LEU,0
H,15,VAL,0
H,16,GLN,0
H,17,PRO,0
H,18,GLY,0
H,19,GLY,0
H,20,SER,0
H,21,LEU,0
H,22,ARG,0
H,23,LEU,0
H,24,SER,0
H,25,CYS,0
H,26,ALA,0
H,27,ALA,0
H,28,SER,0
H,29,GLY,0
H,30,PHE,0
H,31,ASN,1
H,32,VAL,0
H,33,TYR,1
H,34,SER,1
H,35,SER,0
H,36,SER,0
H,37,ILE,0
H,38,HIS,0
H,39,TRP,0
H,40,VAL,0
H,41,ARG,0
H,42,GLN,1
H,43,ALA,0
H,44,PRO,0
H,45,GLY,0
H,46,LYS,1
H,47,GLY,1
H,48,LEU,1
H,49,GLU,0
H,50,TRP,1
H,51,VAL,0
H,52,ALA,0
H,53,SER,0
H,54,ILE,0
H,55,SER,0
H,56,SER,1
H,57,TYR,1
H,58,TYR,1
H,59,GLY,1
H,60,TYR,1
H,61,THR,0
H,62,TYR,0
H,63,TYR,0
H,64,ALA,0
H,65,ASP,1
H,66,SER,0
H,67,VAL,0
H,68,LYS,0
H,69,GLY,0
H,70,ARG,0
H,71,PHE,0
H,72,THR,0
H,73,ILE,0
H,74,SER,0
H,75,ALA,0
H,76,ASP,0
H,77,THR,0
H,78,SER,0
H,79,LYS,0
H,80,ASN,0
H,81,THR,0
H,82,ALA,0
H,83,TYR,0
H,84,LEU,0
H,85,GLN,0
H,86,MET,0
H,87,ASN,0
H,88,SER,0
H,89,LEU,0
H,90,ARG,0
H,91,ALA,0
H,92,GLU,0
H,93,ASP,0
H,94,THR,0
H,95,ALA,0
H,96,VAL,0
H,97,TYR,0
H,98,TYR,1
H,99,CYS,0
H,100,ALA,0
H,101,ARG,0
H,102,SER,0
H,103,ARG,0
H,104,GLN,0
H,105,PHE,1
H,106,TRP,1
H,107,TYR,1
H,108,SER,1
H,109,GLY,1
H,110,LEU,1
H,111,ASP,1
H,112,TYR,0
H,113,TRP,1
H,114,GLY,1
H,115,GLN,0
H,116,GLY,0
H,117,THR,0
H,118,LEU,0
H,119,VAL,0
H,120,THR,0
H,121,VAL,0
H,122,SER,0
H,123,SER,0
H,124,ALA,0
H,125,SER,0
H,126,THR,0
H,127,LYS,0
H,128,GLY,0
H,129,PRO,0
H,130,SER,0
H,131,VAL,0
H,132,PHE,1
H,133,PRO,1
H,134,LEU,1
H,135,ALA,1
H,136,PRO,0
H,146,ALA,1
H,147,ALA,1
H,148,LEU,1
H,149,GLY,0
H,150,CYS,0
H,151,LEU,0
H,152,VAL,0
H,153,LYS,0
H,154,ASP,0
H,155,TYR,0
H,156,PHE,0
H,157,PRO,0
H,158,GLU,0
H,159,PRO,0
H,160,VAL,0
H,161,THR,0
H,162,VAL,0
H,163,SER,0
H,164,TRP,0
H,165,ASN,0
H,166,SER,0
H,167,GLY,0
H,168,ALA,0
H,169,LEU,0
H,170,THR,0
H,171,SER,0
H,172,GLY,0
H,173,VAL,0
H,174,HIS,1
H,175,THR,0
H,176,PHE,1
H,177,PRO,1
H,178,ALA,0
H,179,VAL,0
H,180,LEU,0
H,181,GLN,0
H,182,SER,0
H,183,SER,0
H,184,GLY,0
H,185,LEU,0
H,186,TYR,0
H,187,SER,0
H,188,LEU,0
H,189,SER,1
H,190,SER,0
H,191,VAL,1
H,192,VAL,0
H,193,THR,0
H,194,VAL,0
H,195,PRO,0
H,196,SER,0
H,197,SER,0
H,206,CYS,0
H,207,ASN,0
H,208,VAL,0
H,209,ASN,0
H,210,HIS,0
H,211,LYS,0
H,212,PRO,0
H,213,SER,0
H,214,ASN,0
H,215,THR,0
H,216,LYS,0
H,217,VAL,0
H,218,ASP,0
H,219,LYS,0
H,220,LYS,0
H,221,VAL,0
H,222,GLU,0
H,223,PRO,0
L,1,SER,0
L,2,ASP,1
L,3,ILE,0
L,4,GLN,0
L,5,MET,0
L,6,THR,0
L,7,GLN,0
L,8,SER,0
L,9,PRO,0
L,10,SER,0
L,11,SER,0
L,12,LEU,0
L,13,SER,0
L,14,ALA,0
L,15,SER,0
L,16,VAL,0
L,17,GLY,0
L,18,ASP,0
L,19,ARG,0
L,20,VAL,0
L,21,THR,0
L,22,ILE,0
L,23,THR,0
L,24,CYS,0
L,25,ARG,0
L,26,ALA,0
L,27,SER,0
L,28,GLN,0
L,29,SER,0
L,30,VAL,0
L,31,SER,1
L,32,SER,0
L,33,ALA,0
L,34,VAL,0
L,35,ALA,0
L,36,TRP,0
L,37,TYR,1
L,38,GLN,0
L,39,GLN,0
L,40,LYS,0
L,41,PRO,0
L,42,GLY,0
L,43,LYS,1
L,44,ALA,1
L,45,PRO,1
L,46,LYS,0
L,47,LEU,1
L,48,LEU,0
L,49,ILE,0
L,50,TYR,1
L,51,SER,0
L,52,ALA,0
L,53,SER,0
L,54,SER,0
L,55,LEU,0
L,56,TYR,1
L,57,SER,0
L,58,GLY,0
L,59,VAL,0
L,60,PRO,0
L,61,SER,0
L,62,ARG,0
L,63,PHE,0
L,64,SER,0
L,65,GLY,0
L,66,SER,0
L,67,ARG,1
L,68,SER,0
L,69,GLY,0
L,70,THR,0
L,71,ASP,0
L,72,PHE,0
L,73,THR,0
L,74,LEU,0
L,75,THR,0
L,76,ILE,0
L,77,SER,0
L,78,SER,0
L,79,LEU,0
L,80,GLN,0
L,81,PRO,0
L,82,GLU,0
L,83,ASP,0
L,84,PHE,0
L,85,ALA,0
L,86,THR,0
L,87,TYR,0
L,88,TYR,1
L,89,CYS,0
L,90,GLN,1
L,91,GLN,0
L,92,TYR,1
L,93,LYS,0
L,94,TYR,0
L,95,VAL,0
L,96,PRO,1
L,97,VAL,1
L,98,THR,0
L,99,PHE,1
L,100,GLY,1
L,101,GLN,0
L,102,GLY,0
L,103,THR,0
L,104,LYS,0
L,105,VAL,0
L,106,GLU,0
L,107,ILE,0
L,108,LYS,0
L,109,ARG,0
L,110,THR,0
L,111,VAL,0
L,112,ALA,0
L,113,ALA,0
L,114,PRO,0
L,115,SER,0
L,116,VAL,0
L,117,PHE,1
L,118,ILE,0
L,119,PHE,1
L,120,PRO,1
L,121,PRO,0
L,122,SER,1
L,123,ASP,0
L,124,SER,0
L,125,GLN,1
L,126,LEU,0
L,127,LYS,0
L,128,SER,1
L,129,GLY,0
L,130,THR,0
L,131,ALA,0
L,132,SER,0
L,133,VAL,0
L,134,VAL,1
L,135,CYS,0
L,136,LEU,1
L,137,LEU,0
L,138,ASN,0
L,139,ASN,0
L,140,PHE,0
L,141,TYR,0
L,142,PRO,0
L,143,ARG,0
L,144,GLU,0
L,145,ALA,0
L,146,LYS,0
L,147,VAL,0
L,148,GLN,0
L,149,TRP,0
L,150,LYS,0
L,151,VAL,0
L,157,SER,0
L,158,GLY,0
L,159,ASN,0
L,160,SER,0
L,161,GLN,0
L,162,GLU,0
L,163,SER,1
L,164,VAL,0
L,165,THR,0
L,166,GLU,0
L,167,GLN,0
L,168,ASP,0
L,169,SER,0
L,170,LYS,0
L,171,ASP,0
L,172,SER,0
L,173,THR,0
L,174,TYR,0
L,175,SER,1
L,176,LEU,1
L,177,SER,1
L,178,SER,0
L,179,THR,0
L,180,LEU,0
L,181,THR,0
L,182,LEU,0
L,183,SER,0
L,184,LYS,0
L,185,ALA,0
L,186,ASP,0
L,187,TYR,0
L,188,GLU,0
L,189,LYS,0
L,190,HIS,0
M,5,VAL,0
M,6,GLN,0
M,7,LEU,0
M,8,VAL,0
M,9,GLU,0
M,10,SER,0
M,11,GLY,0
M,12,GLY,0
M,13,GLY,0
M,14,LEU,0
M,15,VAL,0
M,16,GLN,0
M,17,PRO,0
M,18,GLY,0
M,19,GLY,0
M,20,SER,0
M,21,LEU,0
M,22,ARG,0
M,23,LEU,0
M,24,SER,0
M,25,CYS,0
M,26,ALA,0
M,27,ALA,0
M,28,SER,0
M,29,GLY,0
M,30,PHE,0
M,31,ASN,1
M,32,VAL,0
M,33,TYR,1
M,34,SER,1
M,35,SER,0
M,36,SER,0
M,37,ILE,0
M,38,HIS,0
M,39,TRP,0
M,40,VAL,0
M,41,ARG,0
M,42,GLN,1
M,43,ALA,0
M,44,PRO,0
M,45,GLY,0
M,46,LYS,1
M,47,GLY,1
M,48,LEU,1
M,49,GLU,1
M,50,TRP,1
M,51,VAL,0
M,52,ALA,0
M,53,SER,0
M,54,ILE,0
M,55,SER,0
M,56,SER,1
M,57,TYR,1
M,58,TYR,1
M,59,GLY,1
M,60,TYR,1
M,61,THR,0
M,62,TYR,0
M,63,TYR,0
M,64,ALA,0
M,65,ASP,1
M,66,SER,0
M,67,VAL,0
M,68,LYS,0
M,69,GLY,0
M,70,ARG,0
M,71,PHE,0
M,72,THR,0
M,73,ILE,0
M,74,SER,0
M,75,ALA,0
M,76,ASP,0
M,77,THR,0
M,78,SER,0
M,79,LYS,0
M,80,ASN,0
M,81,THR,0
M,82,ALA,0
M,83,TYR,0
M,84,LEU,0
M,85,GLN,0
M,86,MET,0
M,87,ASN,0
M,88,SER,0
M,89,LEU,0
M,90,ARG,0
M,91,ALA,0
M,92,GLU,0
M,93,ASP,0
M,94,THR,0
M,95,ALA,0
M,96,VAL,0
M,97,TYR,0
M,98,TYR,1
M,99,CYS,0
M,100,ALA,0
M,101,ARG,0
M,102,SER,0
M,103,ARG,0
M,104,GLN,0
M,105,PHE,1
M,106,TRP,0
M,107,TYR,1
M,108,SER,1
M,109,GLY,1
M,110,LEU,1
M,111,ASP,1
M,112,TYR,0
M,113,TRP,1
M,114,GLY,1
M,115,GLN,0
M,116,GLY,0
M,117,THR,0
M,118,LEU,0
M,119,VAL,0
M,120,THR,0
M,121,VAL,0
M,122,SER,0
M,123,SER,0
M,124,ALA,0
M,125,SER,0
M,126,THR,0
M,127,LYS,0
M,128,GLY,0
M,129,PRO,0
M,130,SER,0
M,131,VAL,0
M,132,PHE,1
M,133,PRO,1
M,134,LEU,1
M,135,ALA,1
M,136,PRO,0
M,146,ALA,1
M,147,ALA,1
M,148,LEU,1
M,149,GLY,0
M,150,CYS,0
M,151,LEU,0
M,152,VAL,0
M,153,LYS,0
M,154,ASP,0
M,155,TYR,0
M,156,PHE,0
M,157,PRO,0
M,158,GLU,0
M,159,PRO,0
M,160,VAL,0
M,161,THR,0
M,162,VAL,0
M,163,SER,0
M,164,TRP,0
M,165,ASN,0
M,166,SER,0
M,167,GLY,0
M,168,ALA,0
M,169,LEU,0
M,170,THR,0
M,171,SER,0
M,172,GLY,0
M,173,VAL,0
M,174,HIS,1
M,175,THR,0
M,176,PHE,1
M,177,PRO,1
M,178,ALA,0
M,179,VAL,0
M,180,LEU,0
M,181,GLN,1
M,182,SER,0
M,183,SER,0
M,184,GLY,0
M,185,LEU,0
M,186,TYR,0
M,187,SER,0
M,188,LEU,0
M,189,SER,1
M,190,SER,0
M,191,VAL,1
M,192,VAL,0
M,193,THR,0
M,194,VAL,0
M,195,PRO,0
M,196,SER,0
M,197,SER,0
M,206,CYS,0
M,207,ASN,0
M,208,VAL,0
M,209,ASN,0
M,210,HIS,0
M,211,LYS,0
M,212,PRO,0
M,213,SER,0
M,214,ASN,0
M,215,THR,0
M,216,LYS,0
M,217,VAL,0
M,218,ASP,0
M,219,LYS,0
M,220,LYS,0
M,221,VAL,0
M,222,GLU,0
M,223,PRO,0
N,1,SER,0
N,2,ASP,1
N,3,ILE,0
N,4,GLN,0
N,5,MET,0
N,6,THR,0
N,7,GLN,0
N,8,SER,0
N,9,PRO,0
N,10,SER,0
N,11,SER,0
N,12,LEU,0
N,13,SER,0
N,14,ALA,0
N,15,SER,0
N,16,VAL,0
N,17,GLY,0
N,18,ASP,0
N,19,ARG,0
N,20,VAL,0
N,21,THR,0
N,22,ILE,0
N,23,THR,0
N,24,CYS,0
N,25,ARG,0
N,26,ALA,0
N,27,SER,0
N,28,GLN,0
N,29,SER,0
N,30,VAL,0
N,31,SER,1
N,32,SER,0
N,33,ALA,0
N,34,VAL,0
N,35,ALA,0
N,36,TRP,0
N,37,TYR,1
N,38,GLN,0
N,39,GLN,1
N,40,LYS,0
N,41,PRO,0
N,42,GLY,0
N,43,LYS,1
N,44,ALA,1
N,45,PRO,1
N,46,LYS,0
N,47,LEU,1
N,48,LEU,0
N,49,ILE,0
N,50,TYR,1
N,51,SER,0
N,52,ALA,0
N,53,SER,0
N,54,SER,0
N,55,LEU,0
N,56,TYR,1
N,57,SER,0
N,58,GLY,0
N,59,VAL,0
N,60,PRO,0
N,61,SER,0
N,62,ARG,0
N,63,PHE,0
N,64,SER,0
N,65,GLY,0
N,66,SER,0
N,67,ARG,1
N,68,SER,0
N,69,GLY,0
N,70,THR,0
N,71,ASP,0
N,72,PHE,0
N,73,THR,0
N,74,LEU,0
N,75,THR,0
N,76,ILE,0
N,77,SER,0
N,78,SER,0
N,79,LEU,0
N,80,GLN,0
N,81,PRO,0
N,82,GLU,0
N,83,ASP,0
N,84,PHE,0
N,85,ALA,0
N,86,THR,0
N,87,TYR,0
N,88,TYR,1
N,89,CYS,0
N,90,GLN,1
N,91,GLN,0
N,92,TYR,1
N,93,LYS,0
N,94,TYR,0
N,95,VAL,0
N,96,PRO,1
N,97,VAL,1
N,98,THR,0
N,99,PHE,1
N,100,GLY,0
N,101,GLN,0
N,102,GLY,0
N,103,THR,0
N,104,LYS,0
N,105,VAL,0
N,106,GLU,0
N,107,ILE,0
N,108,LYS,0
N,109,ARG,0
N,110,THR,0
N,111,VAL,0
N,112,ALA,0
N,113,ALA,0
N,114,PRO,0
N,115,SER,0
N,116,VAL,0
N,117,PHE,1
N,118,ILE,0
N,119,PHE,1
N,120,PRO,1
N,121,PRO,0
N,122,SER,1
N,123,ASP,0
N,124,SER,0
N,125,GLN,1
N,126,LEU,0
N,127,LYS,0
N,128,SER,1
N,129,GLY,0
N,130,THR,0
N,131,ALA,0
N,132,SER,0
N,133,VAL,0
N,134,VAL,1
N,135,CYS,0
N,136,LEU,1
N,137,LEU,0
N,138,ASN,0
N,139,ASN,0
N,140,PHE,0
N,141,TYR,0
N,142,PRO,0
N,143,ARG,0
N,144,GLU,0
N,145,ALA,0
N,146,LYS,0
N,147,VAL,0
N,148,GLN,0
N,149,TRP,0
N,150,LYS,0
N,151,VAL,0
N,157,SER,0
N,158,GLY,0
N,159,ASN,0
N,160,SER,0
N,161,GLN,1
N,162,GLU,0
N,163,SER,1
N,164,VAL,0
N,165,THR,0
N,166,GLU,0
N,167,GLN,0
N,168,ASP,0
N,169,SER,0
N,170,LYS,0
N,171,ASP,0
N,172,SER,0
N,173,THR,0
N,174,TYR,0
N,175,SER,1
N,176,LEU,1
N,177,SER,1
N,178,SER,0
N,179,THR,0
N,180,LEU,0
N,181,THR,0
N,182,LEU,0
N,183,SER,0
N,184,LYS,0
N,185,ALA,0
N,186,ASP,0
N,187,TYR,0
N,188,GLU,0
N,189,LYS,0
N,190,HIS,0
U,359,TPO,1
U,360,TPO,1
U,361,ALA,1
U,362,SEP,1
U,363,SEP,1
U,364,SEP,1
U,365,LEU,1
U,366,ALA,1
U,367,LYS,0
U,368,ASP,1
V,359,TPO,1
V,360,TPO,1
V,361,ALA,1
V,362,SEP,1
V,363,SEP,1
V,364,SEP,1
V,365,LEU,1
V,366,ALA,1
V,367,LYS,0
V,368,ASP,1
